Category,SSIM Mean
animation,0.8801846391036895
contour-plots,0.6951850541777564
data-distribution-plots,0.7748508086945008
discrete-data-plots,0.8153919696851468
geographic-plots,0.7753631664376623
images,0.7777031667747308
line-plots,0.8481410706525503
polar-plots,0.8125729540911335
scatter-and-bubble-charts,0.7780321826254145
surface-and-mesh-plots,0.6643664096211402
vector-fields,0.76361198055334
volume-visualization,0.6930395840717387
