Category,SSIM Mean
animation,0.8801846391036895
contour-plots,0.6951850541777564
data-distribution-plots,0.7988152666953617
discrete-data-plots,0.8265617226945324
geographic-plots,0.7753631664376623
images,0.7777031667747308
line-plots,0.8555162103973551
polar-plots,0.8125729540911335
scatter-and-bubble-charts,0.7905810887967921
surface-and-mesh-plots,0.6643664096211402
vector-fields,0.8399731786086739
volume-visualization,0.6930395840717387
