Category,SSIM Mean
Aesthetics,0.8802990699428106
Autoplot and fortify,0.8574102228990566
Coordinate systems,0.8760770190888928
Facetting,0.7763102347653253
Guides axes and legends,0.8909106985885796
Layers,0.8768221439511459
Plot basics,0.9107358839495571
Programming with ggplot2,0.8997805133061018
Scales,0.8628467773364852
Themes,0.8144141553088831
