Category,SSIM Mean
Aesthetics,0.8799325498421867
Coordinate systems,0.8978302953954804
Facetting,0.7763102347653253
Guides axes and legends,0.8910098956420995
Plot basics,0.9105273057473158
Programming with ggplot2,0.8997805133061018
Scales,0.8632827806743438
Themes,0.8167492728911834
