Category,SSIM Mean
Aesthetics,0.8698335210394508
Coordinate systems,0.9129654336175013
