Category,SSIM Mean
Aesthetics,0.8785007000098872
Autoplot and fortify,0.8574716329170964
Coordinate systems,0.8753157837093064
Facetting,0.7741553302609305
Guides axes and legends,0.8897859231746138
Layers,0.875795617742269
Plot basics,0.91005752239558
Programming with ggplot2,0.9029907909207993
Scales,0.863321284902525
Themes,0.8141080509026412
